Week,gift ideas: (United Kingdom)
2009-01-11,14
2009-01-18,16
2009-01-25,20
2009-02-01,22
2009-02-08,29
2009-02-15,14
2009-02-22,14
2009-03-01,18
2009-03-08,16
2009-03-15,18
2009-03-22,14
2009-03-29,14
2009-04-05,15
2009-04-12,14
2009-04-19,16
2009-04-26,16
2009-05-03,16
2009-05-10,18
2009-05-17,16
2009-05-24,16
2009-05-31,19
2009-06-07,21
2009-06-14,25
2009-06-21,18
2009-06-28,19
2009-07-05,20
2009-07-12,20
2009-07-19,18
2009-07-26,19
2009-08-02,22
2009-08-09,23
2009-08-16,23
2009-08-23,21
2009-08-30,20
2009-09-06,21
2009-09-13,21
2009-09-20,21
2009-09-27,23
2009-10-04,26
2009-10-11,27
2009-10-18,29
2009-10-25,34
2009-11-01,41
2009-11-08,53
2009-11-15,62
2009-11-22,77
2009-11-29,92
2009-12-06,100
2009-12-13,96
2009-12-20,58
2009-12-27,11
2010-01-03,12
2010-01-10,16
2010-01-17,18
2010-01-24,20
2010-01-31,24
2010-02-07,30
2010-02-14,14
2010-02-21,17
2010-02-28,20
2010-03-07,23
2010-03-14,15
2010-03-21,16
2010-03-28,15
2010-04-04,14
2010-04-11,14
2010-04-18,15
2010-04-25,17
2010-05-02,17
2010-05-09,17
2010-05-16,16
2010-05-23,15
2010-05-30,18
2010-06-06,20
2010-06-13,22
2010-06-20,18
2010-06-27,19
2010-07-04,19
2010-07-11,20
2010-07-18,21
2010-07-25,18
2010-08-01,21
2010-08-08,19
2010-08-15,20
2010-08-22,19
2010-08-29,20
2010-09-05,21
2010-09-12,19
2010-09-19,20
2010-09-26,21
2010-10-03,26
2010-10-10,23
2010-10-17,26
2010-10-24,30
2010-10-31,40
2010-11-07,44
2010-11-14,53
2010-11-21,64
2010-11-28,80
2010-12-05,84
2010-12-12,79
2010-12-19,51
2010-12-26,11
2011-01-02,16
2011-01-09,17
2011-01-16,18
2011-01-23,21
2011-01-30,27
2011-02-06,31
2011-02-13,17
2011-02-20,17
2011-02-27,19
2011-03-06,20
2011-03-13,19
2011-03-20,22
2011-03-27,32
2011-04-03,18
2011-04-10,18
2011-04-17,15
2011-04-24,17
2011-05-01,18
2011-05-08,19
2011-05-15,20
2011-05-22,20
2011-05-29,19
2011-06-05,22
2011-06-12,27
2011-06-19,20
2011-06-26,19
2011-07-03,22
2011-07-10,21
2011-07-17,21
2011-07-24,20
2011-07-31,21
2011-08-07,19
2011-08-14,21
2011-08-21,23
2011-08-28,21
2011-09-04,21
2011-09-11,22
